RecordedDate,respondent_id,Q1_a,Q1_b,Q1_c,Q1_d,Q1_e,Q2_a,Q2_b,Q2_c,Q2_d,Q2_e,Q3_a,Q3_b,Q3_c,Q4_a,Q4_b,Q4_c,Q5_a,Q5_b,Q6_a,Q6_b,Q7_a,Q7_b,Q7_c,Q7_d,Q7_e,Q8_a,Q8_b,Q8_c,Q8_d,Q8_e,Q10,Q11_a,Q11_b,Q11_c,Q11_d,Q12_a,Q12_b,Q12_c,Q12_d,wave,Q17,Q18,Q19,Q20,t_c,Q1_Q2_a,Q1_Q2_a_med,Q1_Q2_b,Q1_Q2_c,Q1_Q2_d,Q1_Q2_e,Q7_Q8_a,Q7_Q8_b,Q7_Q8_c,Q7_Q8_d,Q7_Q8_e,Q11_Q12_a,Q11_Q12_b,Q11_Q12_c,Q11_Q12_d
3/23/22 9:30,1,6,6,6,6,6,6,6,6,6,6,7,7,7,7,7,7,1,1,1,1,1,1,1,1,1,1,1,1,1,1,1,1,1,1,1,1,1,1,1,1,,,NA,NA,NA,6,6,6,6,6,6,1,1,1,1,1,1,1,1,1
6/15/22 9:08,1,7,7,6,7,7,7,7,6,7,7,7,7,7,7,7,7,NA,NA,NA,NA,NA,NA,NA,NA,NA,NA,NA,NA,NA,NA,NA,4,4,4,4,4,4,4,4,2,Excellent,Excellent,7,7,NA,7,7,7,6,7,7,NA,NA,NA,NA,NA,4,4,4,4
7/7/22 9:16,1,6,7,6,7,7,6,7,6,7,7,NA,NA,NA,NA,NA,NA,1,1,1,1,1,1,1,1,1,1,1,1,1,1,1,6,7,7,7,6,7,7,7,3,,,NA,NA,1,6,6,7,6,7,7,1,1,1,1,1,6,7,7,7
3/22/22 8:43,2,5,6,7,5,5,6,5,5,7,7,7,5,5,7,6,6,1,2,1,1,1,1,1,1,2,1,1,1,1,1,1,1,1,1,1,1,1,1,1,1,,,NA,NA,NA,5.5,5.5,5.5,6,6,6,1,1,1,1,1.5,1,1,1,1
3/24/22 17:09,2,6,6,7,7,7,6,6,7,7,7,7,6,7,7,7,7,NA,NA,NA,NA,NA,NA,NA,NA,NA,NA,NA,NA,NA,NA,NA,7,7,7,7,7,7,7,7,2,Excellent,Excellent,7,7,NA,6,6,6,7,7,7,NA,NA,NA,NA,NA,7,7,7,7
7/6/22 17:14,2,6,6,7,6,7,6,6,7,6,7,NA,NA,NA,NA,NA,NA,1,2,1,1,2,1,1,1,1,2,1,1,1,1,2,5,4,4,4,6,4,4,4,3,,,NA,NA,1,6,6,6,7,6,7,2,1,1,1,1,5.5,4,4,4
3/25/22 10:15,3,1,3,5,1,6,1,3,6,6,6,7,7,3,7,7,7,5,1,1,1,4,5,2,4,4,1,1,1,1,1,5,7,5,1,7,7,7,5,7,1,,,NA,NA,NA,1,1,3,5.5,3.5,6,2.5,3,1.5,2.5,2.5,7,6,3,7
3/25/22 10:19,3,7,7,7,7,7,7,7,7,7,7,7,7,7,7,7,7,NA,NA,NA,NA,NA,NA,NA,NA,NA,NA,NA,NA,NA,NA,NA,7,7,7,7,7,7,7,7,2,Excellent,Excellent,7,7,NA,7,7,7,7,7,7,NA,NA,NA,NA,NA,7,7,7,7
7/8/22 13:59,3,1,3,5,1,6,1,5,5,1,5,NA,NA,NA,NA,NA,NA,6,4,1,1,5,5,5,1,5,4,1,1,1,1,4,5,5,7,7,2,6,7,7,3,,,NA,NA,1,1,1,4,5,1,5.5,4.5,3,3,1,3,3.5,5.5,7,7
3/21/22 15:44,4,2,5,7,7,7,2,5,7,7,7,7,7,7,7,7,7,1,2,1,1,1,1,1,1,1,1,1,1,1,1,1,6,6,6,6,6,6,6,6,1,,,NA,NA,NA,2,2,5,7,7,7,1,1,1,1,1,6,6,6,6
3/28/22 15:27,4,5,5,5,5,5,6,6,6,6,6,6,6,6,6,6,6,NA,NA,NA,NA,NA,NA,NA,NA,NA,NA,NA,NA,NA,NA,NA,7,7,7,7,7,7,7,7,2,Excellent,Good,6,6,NA,5.5,5.5,5.5,5.5,5.5,5.5,NA,NA,NA,NA,NA,7,7,7,7
7/10/22 9:32,4,6,6,6,6,6,6,6,6,6,6,NA,NA,NA,NA,NA,NA,1,1,1,1,1,1,1,1,1,1,1,1,1,1,1,1,1,1,1,1,1,1,1,3,,,NA,NA,1,6,6,6,6,6,6,1,1,1,1,1,1,1,1,1
5/4/22 11:52,5,7,7,7,7,7,7,7,7,7,7,7,7,7,7,7,7,1,NA,1,1,2,1,1,1,2,2,1,1,1,2,4,7,7,7,7,7,7,7,7,1,,,NA,NA,NA,7,7,7,7,7,7,2,1,1,1,2,7,7,7,7
5/9/22 15:02,5,7,7,7,7,7,7,7,7,7,7,7,7,7,7,7,7,NA,NA,NA,NA,NA,NA,NA,NA,NA,NA,NA,NA,NA,NA,NA,6,7,7,7,6,7,7,7,2,Excellent,Excellent,7,7,NA,7,7,7,7,7,7,NA,NA,NA,NA,NA,6,7,7,7
7/5/22 13:00,5,7,5,7,7,7,7,5,7,7,7,NA,NA,NA,NA,NA,NA,NA,NA,NA,NA,1,1,1,1,5,1,1,1,1,5,5,4,7,7,7,4,7,7,7,3,,,NA,NA,1,7,7,5,7,7,7,1,1,1,1,5,4,7,7,7
3/23/22 21:35,6,5,4,3,5,6,4,6,6,7,7,6,5,6,6,6,6,1,2,1,1,1,1,1,1,2,1,1,1,1,1,2,2,5,5,6,2,7,7,3,1,,,NA,NA,NA,4.5,4.5,5,4.5,6,6.5,1,1,1,1,1.5,2,6,6,4.5
4/24/22 14:04,6,6,6,6,6,5,6,6,6,6,5,7,6,6,7,6,6,NA,NA,NA,NA,NA,NA,NA,NA,NA,NA,NA,NA,NA,NA,NA,5,7,7,6,5,7,7,6,2,Good,Good,6,6,NA,6,6,6,6,6,5,NA,NA,NA,NA,NA,5,7,7,6
7/5/22 13:25,6,5,5,5,5,5,5,5,5,5,5,NA,NA,NA,NA,NA,NA,1,2,1,1,1,1,1,2,2,1,1,1,1,1,2,4,5,6,6,4,6,6,6,3,,,NA,NA,1,5,5,5,5,5,5,1,1,1,1.5,1.5,4,5.5,6,6
4/14/22 16:08,7,6,6,7,7,6,6,6,7,7,6,7,7,7,7,7,7,1,1,1,1,1,1,1,1,1,1,1,1,1,1,1,3,6,6,6,3,6,6,6,1,,,NA,NA,NA,6,6,6,7,7,6,1,1,1,1,1,3,6,6,6
4/20/22 10:42,7,7,6,6,7,6,7,6,6,7,6,7,7,6,7,6,6,NA,NA,NA,NA,NA,NA,NA,NA,NA,NA,NA,NA,NA,NA,NA,6,7,7,6,6,7,7,6,2,Excellent,Good,6,6,NA,7,7,6,6,7,6,NA,NA,NA,NA,NA,6,7,7,6
7/15/22 15:11,7,6,6,6,6,6,6,6,6,6,6,NA,NA,NA,NA,NA,NA,1,1,1,1,1,1,1,1,1,1,1,1,1,1,1,4,7,7,7,4,7,7,7,3,,,NA,NA,1,6,6,6,6,6,6,1,1,1,1,1,4,7,7,7
6/1/22 15:29,8,5,5,7,1,2,5,3,7,6,5,5,7,7,7,7,7,1,1,1,1,1,1,1,1,1,1,1,1,1,1,1,1,5,1,1,1,5,2,2,1,,,NA,NA,NA,5,5,4,7,3.5,3.5,1,1,1,1,1,1,5,1.5,1.5
6/7/22 14:20,8,5,6,6,6,6,5,6,7,7,5,7,7,7,7,7,7,NA,NA,NA,NA,NA,NA,NA,NA,NA,NA,NA,NA,NA,NA,NA,6,7,5,7,6,7,7,7,2,Good,Good,6,4,NA,5,5,6,6.5,6.5,5.5,NA,NA,NA,NA,NA,6,7,6,7
7/11/22 11:33,8,7,6,7,5,5,7,6,7,5,5,NA,NA,NA,NA,NA,NA,1,1,1,1,1,1,1,1,1,1,1,1,1,1,1,1,7,5,6,1,7,6,3,3,,,NA,NA,1,7,7,6,7,5,5,1,1,1,1,1,1,7,5.5,4.5
6/3/22 15:53,9,6,6,5,7,6,6,6,6,7,7,7,7,7,7,7,7,2,2,1,1,2,2,2,1,2,2,1,1,1,1,5,5,7,7,7,7,7,7,7,1,,,NA,NA,NA,6,6,6,5.5,7,6.5,2,1.5,1.5,1,1.5,6,7,7,7
7/11/22 14:22,9,6,6,6,6,6,6,6,6,6,6,NA,NA,NA,NA,NA,NA,1,1,1,1,2,1,1,1,3,2,1,1,1,3,3,4,4,7,7,4,4,7,7,3,,,NA,NA,1,6,6,6,6,6,6,2,1,1,1,3,4,4,7,7
6/9/22 9:58,10,7,6,6,6,6,7,6,6,6,6,6,7,7,7,7,7,1,2,1,1,3,1,1,1,1,3,1,1,1,1,1,6,7,7,7,6,6,6,6,1,,,NA,NA,NA,7,7,6,6,6,6,3,1,1,1,1,6,6.5,6.5,6.5
6/21/22 20:35,10,7,7,7,7,7,7,7,7,7,7,7,7,7,7,7,7,NA,NA,NA,NA,NA,NA,NA,NA,NA,NA,NA,NA,NA,NA,NA,6,6,6,6,6,6,6,6,2,Excellent,Excellent,7,7,NA,7,7,7,7,7,7,NA,NA,NA,NA,NA,6,6,6,6
7/18/22 8:15,10,6,7,7,7,7,7,7,7,7,7,NA,NA,NA,NA,NA,NA,1,2,1,1,1,1,1,2,1,1,1,1,2,1,1,1,1,1,1,1,1,1,1,3,,,NA,NA,1,6.5,6.5,7,7,7,7,1,1,1,2,1,1,1,1,1
5/24/22 9:34,11,5,5,4,6,5,4,3,6,5,4,5,5,5,5,5,4,1,2,1,1,1,1,1,1,2,1,1,1,1,1,1,5,2,6,6,6,6,6,6,1,,,NA,NA,NA,4.5,4.5,4,5,5.5,4.5,1,1,1,1,1.5,5.5,4,6,6
5/25/22 9:50,11,6,5,5,6,5,6,5,5,5,5,6,6,6,6,6,6,NA,NA,NA,NA,NA,NA,NA,NA,NA,NA,NA,NA,NA,NA,NA,5,5,5,5,6,6,6,6,2,Good,Average,6,6,NA,6,6,5,5,5.5,5,NA,NA,NA,NA,NA,5.5,5.5,5.5,5.5
7/5/22 16:02,11,6,6,6,6,6,6,6,6,6,6,NA,NA,NA,NA,NA,NA,1,1,1,1,1,1,1,1,1,2,1,1,1,1,1,7,7,7,7,7,7,7,7,3,,,NA,NA,1,6,6,6,6,6,6,1.5,1,1,1,1,7,7,7,7
6/6/22 12:52,12,7,7,7,7,7,7,7,7,7,7,7,7,7,7,7,7,1,1,1,1,1,1,1,1,1,1,1,1,1,1,1,1,7,7,7,1,7,7,7,1,,,NA,NA,NA,7,7,7,7,7,7,1,1,1,1,1,1,7,7,7
6/20/22 17:41,12,7,7,7,7,7,7,7,7,7,7,7,7,7,7,7,7,NA,NA,NA,NA,NA,NA,NA,NA,NA,NA,NA,NA,NA,NA,NA,7,7,7,7,7,7,7,7,2,Excellent,Excellent,7,7,NA,7,7,7,7,7,7,NA,NA,NA,NA,NA,7,7,7,7
7/13/22 9:41,12,7,7,7,7,7,7,7,7,7,7,NA,NA,NA,NA,NA,NA,1,1,1,1,1,1,1,1,1,1,1,1,1,1,1,4,7,7,7,7,7,7,7,3,,,NA,NA,1,7,7,7,7,7,7,1,1,1,1,1,5.5,7,7,7
4/11/22 12:23,13,5,6,5,6,6,5,5,6,6,6,7,7,7,7,7,7,3,2,1,1,1,1,1,1,2,1,1,1,1,1,2,7,7,7,7,7,7,7,7,1,,,NA,NA,NA,5,5,5.5,5.5,6,6,1,1,1,1,1.5,7,7,7,7
4/21/22 16:24,13,7,6,7,7,7,7,6,7,7,7,7,6,6,7,6,6,NA,NA,NA,NA,NA,NA,NA,NA,NA,NA,NA,NA,NA,NA,NA,7,7,7,7,7,7,7,7,2,Excellent,Excellent,7,7,NA,7,7,6,7,7,7,NA,NA,NA,NA,NA,7,7,7,7
5/24/22 9:55,14,6,7,7,7,6,5,7,7,6,6,7,7,7,7,7,7,1,1,1,1,1,1,1,1,3,1,1,1,1,3,2,6,7,7,7,7,7,7,7,1,,,NA,NA,NA,5.5,5.5,7,7,6.5,6,1,1,1,1,3,6.5,7,7,7
5/25/22 12:53,14,7,7,7,7,7,7,7,7,7,7,7,7,7,7,7,7,NA,NA,NA,NA,NA,NA,NA,NA,NA,NA,NA,NA,NA,NA,NA,7,7,7,7,7,7,7,7,2,Excellent,Excellent,7,7,NA,7,7,7,7,7,7,NA,NA,NA,NA,NA,7,7,7,7
7/14/22 11:50,14,7,7,7,7,7,7,7,7,7,7,NA,NA,NA,NA,NA,NA,1,2,1,1,2,2,1,1,2,1,1,1,1,1,2,6,7,7,7,6,7,7,7,3,,,NA,NA,1,7,7,7,7,7,7,1.5,1.5,1,1,1.5,6,7,7,7
4/20/22 11:26,15,6,5,6,6,6,5,5,6,6,6,7,6,5,7,6,6,2,1,1,1,2,2,1,1,2,2,1,1,1,2,3,6,7,7,7,6,7,7,7,1,,,NA,NA,NA,5.5,5.5,5,6,6,6,2,1.5,1,1,2,6,7,7,7
4/21/22 18:34,15,6,6,6,7,7,6,6,6,7,7,7,6,6,7,6,6,NA,NA,NA,NA,NA,NA,NA,NA,NA,NA,NA,NA,NA,NA,NA,7,7,7,7,7,7,7,7,2,Excellent,Excellent,7,7,NA,6,6,6,6,7,7,NA,NA,NA,NA,NA,7,7,7,7
7/11/22 12:32,15,6,5,7,6,7,6,5,7,6,7,NA,NA,NA,NA,NA,NA,1,3,1,1,2,1,1,2,3,2,1,1,2,3,5,6,7,7,7,6,7,7,7,3,,,NA,NA,1,6,6,5,7,6,7,2,1,1,2,3,6,7,7,7
3/28/22 11:05,16,6,6,6,6,6,7,7,7,7,7,7,7,7,7,7,7,2,2,1,1,2,1,1,2,1,1,1,1,1,1,1,4,6,7,4,4,7,7,7,1,,,NA,NA,NA,6.5,6.5,6.5,6.5,6.5,6.5,1.5,1,1,1.5,1,4,6.5,7,5.5
4/21/22 16:09,16,6,6,6,7,7,5,7,7,7,7,7,6,7,7,6,7,NA,NA,NA,NA,NA,NA,NA,NA,NA,NA,NA,NA,NA,NA,NA,6,7,7,7,6,7,7,7,2,Excellent,Good,7,7,NA,5.5,5.5,6.5,6.5,7,7,NA,NA,NA,NA,NA,6,7,7,7
7/5/22 12:58,16,6,6,6,7,7,6,6,6,7,7,NA,NA,NA,NA,NA,NA,2,2,2,2,1,1,1,3,2,2,1,1,2,2,5,4,4,7,7,4,4,7,7,3,,,NA,NA,1,6,6,6,6,7,7,1.5,1,1,2.5,2,4,4,7,7
4/6/22 15:07,17,6,6,4,7,6,5,6,4,7,6,6,6,7,6,6,7,2,2,1,1,NA,NA,NA,NA,NA,NA,NA,NA,NA,NA,NA,6,5,7,6,6,6,7,6,1,,,NA,NA,NA,5.5,5.5,6,4,7,6,NA,NA,NA,NA,NA,6,5.5,7,6
5/25/22 15:50,17,6,5,5,6,6,6,5,5,6,6,6,6,6,6,6,6,NA,NA,NA,NA,NA,NA,NA,NA,NA,NA,NA,NA,NA,NA,NA,6,6,6,6,6,5,7,6,2,Good,Average,6,4,NA,6,6,5,5,6,6,NA,NA,NA,NA,NA,6,5.5,6.5,6
7/11/22 12:47,17,6,5,5,6,6,6,6,5,6,6,NA,NA,NA,NA,NA,NA,3,3,1,1,2,2,2,1,2,2,1,1,1,2,1,6,5,6,6,6,6,6,6,3,,,NA,NA,1,6,6,5.5,5,6,6,2,1.5,1.5,1,2,6,5.5,6,6
6/3/22 14:56,18,2,2,2,2,2,2,2,2,5,2,7,6,6,7,6,6,2,1,1,1,1,1,1,1,1,1,1,1,1,1,1,2,2,6,2,2,2,7,2,1,,,NA,NA,NA,2,2,2,2,3.5,2,1,1,1,1,1,2,2,6.5,2
6/20/22 16:15,18,6,5,4,7,7,6,5,4,7,7,6,6,6,6,6,6,NA,NA,NA,NA,NA,NA,NA,NA,NA,NA,NA,NA,NA,NA,NA,6,7,7,6,6,4,7,6,2,Good,Good,6,6,NA,6,6,5,4,7,7,NA,NA,NA,NA,NA,6,5.5,7,6
7/11/22 12:44,18,6,5,5,6,5,6,5,5,6,5,NA,NA,NA,NA,NA,NA,1,1,1,1,1,1,1,1,1,1,1,1,1,1,1,7,6,7,7,7,6,7,7,3,,,NA,NA,1,6,6,5,5,6,5,1,1,1,1,1,7,6,7,7
6/3/22 11:11,19,5,6,6,7,5,6,5,5,7,5,7,6,6,7,5,6,1,1,1,1,1,1,1,1,1,1,1,1,1,1,1,6,7,7,6,6,7,7,6,1,,,NA,NA,NA,5.5,5.5,5.5,5.5,7,5,1,1,1,1,1,6,7,7,6
6/3/22 15:52,19,6,6,6,7,7,7,5,6,7,6,7,6,6,7,6,6,NA,NA,NA,NA,NA,NA,NA,NA,NA,NA,NA,NA,NA,NA,NA,7,7,7,7,7,7,7,7,2,Excellent,Excellent,7,7,NA,6.5,6.5,5.5,6,7,6.5,NA,NA,NA,NA,NA,7,7,7,7
7/25/22 12:23,19,6,5,7,7,6,6,5,7,7,6,NA,NA,NA,NA,NA,NA,1,1,1,1,NA,NA,NA,NA,NA,NA,NA,NA,NA,NA,NA,5,7,7,7,6,7,7,7,3,,,NA,NA,1,6,6,5,7,7,6,NA,NA,NA,NA,NA,5.5,7,7,7
3/30/22 20:40,20,6,6,7,6,7,6,6,7,6,7,7,6,7,7,6,7,1,2,1,1,2,2,2,1,2,2,2,2,1,2,5,6,7,6,7,6,7,7,7,1,,,NA,NA,NA,6,6,6,7,6,7,2,2,2,1,2,6,7,6.5,7
5/19/22 10:14,20,6,5,7,6,6,6,6,7,6,7,7,5,6,7,7,7,NA,NA,NA,NA,NA,NA,NA,NA,NA,NA,NA,NA,NA,NA,NA,6,7,7,7,7,7,7,7,2,Good,Good,7,7,NA,6,6,5.5,7,6,6.5,NA,NA,NA,NA,NA,6.5,7,7,7
7/6/22 10:50,20,6,5,6,7,7,6,6,6,7,7,NA,NA,NA,NA,NA,NA,2,2,1,1,2,2,2,1,2,2,1,1,2,2,5,5,7,7,7,5,7,7,7,3,,,NA,NA,1,6,6,5.5,6,7,7,2,1.5,1.5,1.5,2,5,7,7,7
3/21/22 18:30,21,1,2,3,7,4,1,1,3,7,4,7,7,6,7,7,5,1,1,1,1,2,1,1,1,1,1,1,1,1,1,1,5,7,7,7,7,7,7,7,1,,,NA,NA,NA,1,1,1.5,3,7,4,1.5,1,1,1,1,6,7,7,7
3/23/22 23:21,21,6,4,4,6,5,4,4,5,5,4,7,7,7,7,6,5,NA,NA,NA,NA,NA,NA,NA,NA,NA,NA,NA,NA,NA,NA,NA,5,5,6,5,5,5,7,6,2,Average,Average,2,4,NA,5,5,4,4.5,5.5,4.5,NA,NA,NA,NA,NA,5,5,6.5,5.5
7/5/22 14:41,21,6,5,5,6,6,6,5,5,6,6,NA,NA,NA,NA,NA,NA,2,3,1,1,2,1,1,1,2,2,1,1,1,2,2,4,4,4,4,4,4,4,4,3,,,NA,NA,1,6,6,5,5,6,6,2,1,1,1,2,4,4,4,4
6/6/22 10:53,22,6,5,6,6,6,6,5,6,6,6,6,5,5,6,5,5,NA,NA,NA,NA,NA,NA,NA,NA,NA,NA,NA,NA,NA,NA,NA,NA,NA,NA,NA,NA,NA,NA,NA,1,,,NA,NA,NA,6,6,5,6,6,6,NA,NA,NA,NA,NA,NA,NA,NA,NA
7/11/22 14:24,22,6,5,5,7,6,4,4,4,7,4,NA,NA,NA,NA,NA,NA,1,1,1,1,1,1,1,1,1,1,1,1,1,1,1,4,5,7,4,4,5,7,4,3,,,NA,NA,1,5,5,4.5,4.5,7,5,1,1,1,1,1,4,5,7,4
3/23/22 14:39,23,6,7,7,6,6,6,7,7,6,6,7,7,7,7,7,7,1,1,1,1,1,1,1,1,1,1,1,1,1,1,3,7,7,7,7,7,7,7,7,1,,,NA,NA,NA,6,6,7,7,6,6,1,1,1,1,1,7,7,7,7
4/22/22 8:29,23,6,7,7,7,7,6,7,7,7,7,7,7,7,7,7,7,NA,NA,NA,NA,NA,NA,NA,NA,NA,NA,NA,NA,NA,NA,NA,6,7,7,7,6,7,7,7,2,Excellent,Good,7,6,NA,6,6,7,7,7,7,NA,NA,NA,NA,NA,6,7,7,7
7/5/22 13:24,23,6,6,6,7,7,6,6,6,7,7,NA,NA,NA,NA,NA,NA,1,1,1,1,1,1,1,1,1,1,1,1,1,1,2,6,7,7,7,6,7,7,7,3,,,NA,NA,1,6,6,6,6,7,7,1,1,1,1,1,6,7,7,7
3/23/22 9:13,24,6,6,6,5,6,6,6,6,6,6,7,6,7,7,6,7,1,1,1,1,2,2,1,2,2,2,1,1,2,2,2,4,4,4,5,5,6,6,6,1,,,NA,NA,NA,6,6,6,6,5.5,6,2,1.5,1,2,2,4.5,5,5,5.5
4/22/22 17:35,24,6,6,6,6,6,6,6,6,6,6,7,7,7,7,7,7,NA,NA,NA,NA,NA,NA,NA,NA,NA,NA,NA,NA,NA,NA,NA,7,7,7,7,7,7,7,7,2,Excellent,Excellent,7,7,NA,6,6,6,6,6,6,NA,NA,NA,NA,NA,7,7,7,7
7/25/22 10:53,24,6,6,6,6,6,6,6,6,6,6,NA,NA,NA,NA,NA,NA,1,1,1,1,2,1,1,2,2,2,1,1,2,2,5,4,7,7,7,4,7,7,7,3,,,NA,NA,1,6,6,6,6,6,6,2,1,1,2,2,4,7,7,7
5/16/22 13:28,25,6,4,5,6,5,6,3,4,6,6,6,5,4,7,5,4,3,2,1,1,2,1,2,1,2,1,1,1,1,1,4,3,2,1,3,1,1,1,1,1,,,NA,NA,NA,6,6,3.5,4.5,6,5.5,1.5,1,1.5,1,1.5,2,1.5,1,2
5/19/22 9:18,25,6,5,6,6,5,6,4,5,6,5,6,5,4,6,5,3,NA,NA,NA,NA,NA,NA,NA,NA,NA,NA,NA,NA,NA,NA,NA,1,1,1,1,1,1,1,1,2,Average,Good,6,4,NA,6,6,4.5,5.5,6,5,NA,NA,NA,NA,NA,1,1,1,1
6/7/22 9:00,26,4,5,4,5,4,4,4,4,5,5,6,4,5,4,7,5,1,1,1,1,1,1,1,1,1,1,1,1,1,1,1,6,6,6,6,7,7,7,7,1,,,NA,NA,NA,4,4,4.5,4,5,4.5,1,1,1,1,1,6.5,6.5,6.5,6.5
6/22/22 16:16,26,7,7,7,7,7,7,7,7,7,7,7,7,7,7,7,7,NA,NA,NA,NA,NA,NA,NA,NA,NA,NA,NA,NA,NA,NA,NA,7,7,7,7,7,7,7,7,2,Excellent,Good,7,7,NA,7,7,7,7,7,7,NA,NA,NA,NA,NA,7,7,7,7
4/19/22 8:02,27,6,6,6,6,6,6,6,6,6,6,6,6,6,6,6,6,1,1,1,1,1,1,1,1,1,1,1,1,1,1,1,3,1,1,2,3,1,1,2,1,,,NA,NA,NA,6,6,6,6,6,6,1,1,1,1,1,3,1,1,2
4/20/22 10:19,27,6,6,6,6,6,6,6,6,6,6,6,6,6,6,6,6,NA,NA,NA,NA,NA,NA,NA,NA,NA,NA,NA,NA,NA,NA,NA,5,5,5,5,5,5,5,5,2,Excellent,Excellent,7,6,NA,6,6,6,6,6,6,NA,NA,NA,NA,NA,5,5,5,5
7/5/22 14:01,27,6,6,6,6,6,6,6,6,6,6,NA,NA,NA,NA,NA,NA,1,1,1,1,1,1,1,1,1,1,1,1,1,1,1,2,2,2,2,2,2,2,2,3,,,NA,NA,1,6,6,6,6,6,6,1,1,1,1,1,2,2,2,2
3/28/22 18:06,28,6,4,5,7,6,5,6,5,7,6,7,6,6,7,6,6,2,2,1,1,2,1,2,2,2,1,1,1,1,1,2,3,2,4,4,1,1,1,1,1,,,NA,NA,NA,5.5,5.5,5,5,7,6,1.5,1,1.5,1.5,1.5,2,1.5,2.5,2.5
4/21/22 19:46,28,6,5,6,6,6,5,5,5,6,6,7,6,6,7,6,6,NA,NA,NA,NA,NA,NA,NA,NA,NA,NA,NA,NA,NA,NA,NA,5,7,7,7,5,7,7,7,2,Good,Good,7,7,NA,5.5,5.5,5,5.5,6,6,NA,NA,NA,NA,NA,5,7,7,7
7/14/22 19:47,28,4,5,6,7,7,4,5,5,7,7,NA,NA,NA,NA,NA,NA,2,4,1,1,2,2,2,1,2,1,1,1,1,1,2,5,7,7,7,5,7,7,7,3,,,NA,NA,1,4,4,5,5.5,7,7,1.5,1.5,1.5,1,1.5,5,7,7,7
6/3/22 15:27,29,6,6,6,6,6,6,6,6,6,6,6,6,6,6,6,6,1,1,1,1,1,1,1,1,1,1,1,1,1,1,1,2,6,6,6,6,6,6,6,1,,,NA,NA,NA,6,6,6,6,6,6,1,1,1,1,1,4,6,6,6
6/22/22 15:49,29,6,6,6,6,6,6,6,6,6,6,6,6,6,6,6,6,NA,NA,NA,NA,NA,NA,NA,NA,NA,NA,NA,NA,NA,NA,NA,4,7,7,7,5,7,7,7,2,Excellent,Good,6,6,NA,6,6,6,6,6,6,NA,NA,NA,NA,NA,4.5,7,7,7
7/11/22 14:54,29,6,4,4,4,4,4,4,4,4,4,NA,NA,NA,NA,NA,NA,1,1,1,1,1,1,1,1,1,1,1,1,1,1,1,4,4,4,4,4,4,4,4,3,,,NA,NA,1,5,5,4,4,4,4,1,1,1,1,1,4,4,4,4
5/24/22 18:01,30,6,7,7,6,7,6,7,7,6,7,7,7,7,7,7,7,NA,NA,NA,NA,NA,NA,NA,NA,NA,NA,NA,NA,NA,NA,NA,6,7,7,7,6,7,7,7,2,Good,Poor,7,4,NA,6,6,7,7,6,7,NA,NA,NA,NA,NA,6,7,7,7
7/5/22 18:29,30,6,6,6,6,6,6,6,6,6,6,NA,NA,NA,NA,NA,NA,3,3,1,1,3,1,1,1,3,1,1,1,1,1,2,6,7,7,7,6,7,7,7,3,,,NA,NA,1,6,6,6,6,6,6,2,1,1,1,2,6,7,7,7
3/18/22 10:30,31,6,6,6,6,7,6,6,6,6,7,7,6,6,7,6,6,3,4,1,1,1,1,1,1,3,1,1,1,1,1,2,7,7,7,7,7,7,7,7,1,,,NA,NA,NA,6,6,6,6,6,7,1,1,1,1,2,7,7,7,7
4/21/22 16:10,31,6,5,5,6,6,6,5,6,7,7,6,5,7,6,5,7,NA,NA,NA,NA,NA,NA,NA,NA,NA,NA,NA,NA,NA,NA,NA,7,6,7,6,7,7,7,7,2,Good,Good,6,4,NA,6,6,5,5.5,6.5,6.5,NA,NA,NA,NA,NA,7,6.5,7,6.5
7/6/22 22:05,31,6,6,6,6,6,6,6,6,6,6,NA,NA,NA,NA,NA,NA,1,3,1,1,1,1,1,1,1,1,1,1,1,1,1,6,7,7,6,7,7,7,7,3,,,NA,NA,1,6,6,6,6,6,6,1,1,1,1,1,6.5,7,7,6.5
3/23/22 10:04,32,7,7,7,7,7,7,7,7,7,7,6,6,6,6,6,6,1,1,1,1,1,1,1,1,1,1,1,1,1,1,5,1,1,1,7,1,1,1,7,1,,,NA,NA,NA,7,7,7,7,7,7,1,1,1,1,1,1,1,1,7
4/21/22 16:14,32,7,7,7,7,7,7,7,7,7,7,7,7,7,7,7,7,NA,NA,NA,NA,NA,NA,NA,NA,NA,NA,NA,NA,NA,NA,NA,1,7,7,7,1,7,7,7,2,Excellent,Good,6,7,NA,7,7,7,7,7,7,NA,NA,NA,NA,NA,1,7,7,7
7/14/22 10:36,32,7,7,7,7,7,7,7,7,7,7,NA,NA,NA,NA,NA,NA,1,1,1,1,1,1,1,2,1,1,1,1,2,1,5,2,7,7,7,2,7,7,7,3,,,NA,NA,1,7,7,7,7,7,7,1,1,1,2,1,2,7,7,7
3/28/22 11:59,33,5,5,6,7,7,4,5,6,7,7,7,6,5,7,6,6,1,2,1,1,2,1,1,1,2,1,1,1,1,1,2,5,7,7,7,4,7,7,5,1,,,NA,NA,NA,4.5,4.5,5,6,7,7,1.5,1,1,1,1.5,4.5,7,7,6
4/22/22 16:37,33,6,5,7,7,6,6,6,7,7,7,7,6,6,7,6,6,NA,NA,NA,NA,NA,NA,NA,NA,NA,NA,NA,NA,NA,NA,NA,6,7,7,7,6,7,7,7,2,Good,Good,4,6,NA,6,6,5.5,7,7,6.5,NA,NA,NA,NA,NA,6,7,7,7
5/16/22 17:10,34,6,5,5,5,5,6,5,5,5,5,7,5,7,7,5,7,2,2,1,1,2,2,2,1,2,2,2,2,1,2,3,5,7,7,7,5,7,7,7,1,,,NA,NA,NA,6,6,5,5,5,5,2,2,2,1,2,5,7,7,7
5/19/22 10:30,34,6,5,6,7,7,6,5,6,7,7,7,5,7,7,5,7,NA,NA,NA,NA,NA,NA,NA,NA,NA,NA,NA,NA,NA,NA,NA,7,7,7,7,7,7,7,7,2,Excellent,Average,7,7,NA,6,6,5,6,7,7,NA,NA,NA,NA,NA,7,7,7,7
7/14/22 10:08,34,6,6,6,6,6,6,6,6,6,6,NA,NA,NA,NA,NA,NA,2,2,1,1,2,2,2,2,2,2,2,2,2,2,5,6,7,7,6,6,7,7,6,3,,,NA,NA,1,6,6,6,6,6,6,2,2,2,2,2,6,7,7,6
4/6/22 8:10,35,7,7,7,7,7,7,7,7,7,7,7,7,7,7,7,7,1,1,1,1,2,1,1,1,1,2,1,1,1,1,1,7,7,7,7,7,7,7,7,1,,,NA,NA,NA,7,7,7,7,7,7,2,1,1,1,1,7,7,7,7
4/22/22 15:38,35,7,6,7,7,7,7,6,7,7,7,7,7,7,7,7,7,NA,NA,NA,NA,NA,NA,NA,NA,NA,NA,NA,NA,NA,NA,NA,7,7,7,7,7,7,7,7,2,Excellent,Good,7,7,NA,7,7,6,7,7,7,NA,NA,NA,NA,NA,7,7,7,7
7/11/22 11:36,35,7,7,7,7,7,7,7,7,7,7,NA,NA,NA,NA,NA,NA,1,1,1,1,1,1,1,1,1,1,1,1,1,1,1,7,7,7,7,7,7,7,7,3,,,NA,NA,1,7,7,7,7,7,7,1,1,1,1,1,7,7,7,7
6/16/22 11:07,36,6,6,6,7,6,6,6,6,7,6,7,7,7,7,7,7,1,1,1,1,1,1,1,1,1,1,1,1,1,1,1,7,7,7,7,7,7,7,7,1,,,NA,NA,NA,6,6,6,6,7,6,1,1,1,1,1,7,7,7,7
6/21/22 15:00,36,7,7,7,7,7,7,7,7,7,7,7,7,7,7,7,7,NA,NA,NA,NA,NA,NA,NA,NA,NA,NA,NA,NA,NA,NA,NA,7,7,7,7,7,7,7,7,2,Excellent,Excellent,7,7,NA,7,7,7,7,7,7,NA,NA,NA,NA,NA,7,7,7,7
7/15/22 15:21,36,7,7,7,7,7,7,7,7,7,7,NA,NA,NA,NA,NA,NA,1,1,1,1,7,7,7,7,7,7,7,7,7,7,1,7,7,7,7,7,7,7,7,3,,,NA,NA,1,7,7,7,7,7,7,7,7,7,7,7,7,7,7,7
3/23/22 7:39,37,4,5,5,5,5,4,5,5,5,5,6,6,6,6,6,6,1,1,1,1,1,1,1,1,1,1,1,1,1,1,1,4,4,4,4,4,4,4,4,1,,,NA,NA,NA,4,4,5,5,5,5,1,1,1,1,1,4,4,4,4
3/23/22 21:29,37,6,6,6,6,6,6,6,6,6,6,6,6,6,6,6,6,NA,NA,NA,NA,NA,NA,NA,NA,NA,NA,NA,NA,NA,NA,NA,6,6,6,6,6,6,6,6,2,Excellent,Good,4,6,NA,6,6,6,6,6,6,NA,NA,NA,NA,NA,6,6,6,6
7/11/22 13:16,37,4,4,4,4,4,4,4,4,4,4,NA,NA,NA,NA,NA,NA,1,1,1,1,1,1,1,1,1,1,1,1,1,1,1,6,6,6,6,6,6,6,6,3,,,NA,NA,1,4,4,4,4,4,4,1,1,1,1,1,6,6,6,6
3/23/22 10:49,38,4,4,6,7,7,4,4,6,7,7,6,4,4,6,4,4,1,1,1,1,1,1,1,1,1,1,1,1,1,1,2,4,6,7,7,4,6,7,7,1,,,NA,NA,NA,4,4,4,6,7,7,1,1,1,1,1,4,6,7,7
3/25/22 11:50,38,7,6,7,7,7,7,6,7,7,7,7,6,6,7,6,6,NA,NA,NA,NA,NA,NA,NA,NA,NA,NA,NA,NA,NA,NA,NA,7,7,7,7,7,7,7,7,2,Excellent,Good,7,7,NA,7,7,6,7,7,7,NA,NA,NA,NA,NA,7,7,7,7
8/9/22 14:07,38,4,5,5,7,7,4,5,5,7,7,NA,NA,NA,NA,NA,NA,1,1,1,1,3,1,1,3,3,3,1,1,3,3,3,6,4,6,6,6,4,6,6,3,,,NA,NA,1,4,4,5,5,7,7,3,1,1,3,3,6,4,6,6
5/24/22 10:54,39,7,7,7,7,7,7,7,7,7,7,7,7,7,7,7,7,1,1,1,1,1,1,1,1,1,1,1,1,1,1,1,4,4,4,4,4,4,4,4,1,,,NA,NA,NA,7,7,7,7,7,7,1,1,1,1,1,4,4,4,4
5/25/22 10:26,39,7,7,7,7,7,7,7,7,7,7,7,7,7,7,7,7,NA,NA,NA,NA,NA,NA,NA,NA,NA,NA,NA,NA,NA,NA,NA,7,7,7,7,7,7,7,7,2,Excellent,Excellent,7,7,NA,7,7,7,7,7,7,NA,NA,NA,NA,NA,7,7,7,7
7/12/22 10:00,39,7,7,7,7,7,7,7,7,7,7,NA,NA,NA,NA,NA,NA,1,1,1,1,1,1,1,1,1,1,1,1,1,1,5,7,7,7,7,7,7,7,7,3,,,NA,NA,1,7,7,7,7,7,7,1,1,1,1,1,7,7,7,7
3/23/22 17:50,40,6,4,7,4,4,6,7,7,7,4,6,3,4,7,7,4,1,1,1,1,1,1,1,1,1,1,1,1,1,1,1,1,6,7,4,1,7,7,4,1,,,NA,NA,NA,6,6,5.5,7,5.5,4,1,1,1,1,1,1,6.5,7,4
5/19/22 18:44,40,6,4,4,6,4,6,4,4,6,4,6,1,4,7,4,4,NA,NA,NA,NA,NA,NA,NA,NA,NA,NA,NA,NA,NA,NA,NA,5,6,7,4,5,7,7,6,2,Good,Average,4,1,NA,6,6,4,4,6,4,NA,NA,NA,NA,NA,5,6.5,7,5
7/15/22 16:00,40,5,5,5,7,4,5,7,7,7,4,NA,NA,NA,NA,NA,NA,1,2,1,1,1,1,1,1,1,1,1,1,1,1,1,5,7,6,4,5,7,7,4,3,,,NA,NA,1,5,5,6,6,7,4,1,1,1,1,1,5,7,6.5,4
6/14/22 19:45,41,7,7,7,7,7,7,7,7,7,7,7,7,7,7,7,7,1,2,1,1,2,1,1,1,1,2,1,1,1,1,2,4,7,7,7,4,7,7,7,1,,,NA,NA,NA,7,7,7,7,7,7,2,1,1,1,1,4,7,7,7
6/22/22 17:29,41,6,6,6,7,7,6,6,6,7,7,7,7,7,7,7,7,NA,NA,NA,NA,NA,NA,NA,NA,NA,NA,NA,NA,NA,NA,NA,2,7,7,7,2,7,7,7,2,Excellent,Good,6,4,NA,6,6,6,6,7,7,NA,NA,NA,NA,NA,2,7,7,7
7/5/22 12:57,41,6,7,6,7,7,6,7,6,7,7,NA,NA,NA,NA,NA,NA,1,2,1,1,1,1,1,1,1,1,1,1,1,1,1,4,4,4,4,4,4,4,4,3,,,NA,NA,1,6,6,7,6,7,7,1,1,1,1,1,4,4,4,4
5/24/22 9:16,42,6,3,2,5,4,6,2,3,6,4,4,5,6,6,6,6,3,4,1,2,2,1,2,1,2,2,1,1,1,2,2,5,5,6,6,6,5,6,6,1,,,NA,NA,NA,6,6,2.5,2.5,5.5,4,2,1,1.5,1,2,5.5,5,6,6
5/25/22 12:49,42,7,5,6,6,6,6,6,5,6,6,6,6,6,6,6,6,NA,NA,NA,NA,NA,NA,NA,NA,NA,NA,NA,NA,NA,NA,NA,6,6,6,6,6,6,6,6,2,Excellent,Good,6,6,NA,6.5,6.5,5.5,5.5,6,6,NA,NA,NA,NA,NA,6,6,6,6
7/14/22 12:22,42,6,5,5,6,6,5,5,5,6,6,NA,NA,NA,NA,NA,NA,4,4,2,2,3,1,2,1,3,3,1,1,1,2,2,5,5,6,7,6,6,7,6,3,,,NA,NA,1,5.5,5.5,5,5,6,6,3,1,1.5,1,2.5,5.5,5.5,6.5,6.5
6/2/22 13:30,43,6,1,7,7,7,6,1,7,7,7,7,1,7,7,1,7,1,1,1,1,1,1,1,1,1,1,1,1,1,1,5,1,1,1,1,1,1,1,1,1,,,NA,NA,NA,6,6,1,7,7,7,1,1,1,1,1,1,1,1,1
6/6/22 8:15,43,6,6,7,7,7,6,6,7,7,7,7,7,7,7,7,7,NA,NA,NA,NA,NA,NA,NA,NA,NA,NA,NA,NA,NA,NA,NA,4,7,7,7,4,7,7,7,2,Good,Average,6,1,NA,6,6,6,7,7,7,NA,NA,NA,NA,NA,4,7,7,7
7/12/22 16:56,43,4,4,7,7,7,4,4,7,7,7,NA,NA,NA,NA,NA,NA,2,1,1,1,1,1,1,1,1,1,1,1,1,1,1,2,7,7,7,2,7,7,7,3,,,NA,NA,1,4,4,4,7,7,7,1,1,1,1,1,2,7,7,7
5/16/22 14:45,44,6,2,2,6,6,6,2,2,6,6,4,5,6,4,5,6,1,1,1,1,1,1,1,1,1,1,1,1,1,1,5,1,1,1,6,1,1,1,6,1,,,NA,NA,NA,6,6,2,2,6,6,1,1,1,1,1,1,1,1,6
5/19/22 9:00,44,6,4,5,6,6,6,4,5,6,6,6,4,6,6,4,6,NA,NA,NA,NA,NA,NA,NA,NA,NA,NA,NA,NA,NA,NA,NA,4,4,4,4,4,4,4,4,2,Good,Good,6,6,NA,6,6,4,5,6,6,NA,NA,NA,NA,NA,4,4,4,4
7/11/22 13:00,44,6,2,5,6,5,6,2,5,6,5,NA,NA,NA,NA,NA,NA,1,1,1,1,1,1,1,1,1,1,1,1,1,1,5,2,6,6,5,2,6,6,5,3,,,NA,NA,1,6,6,2,5,6,5,1,1,1,1,1,2,6,6,5
4/20/22 11:56,45,6,5,7,7,7,6,5,7,7,7,6,5,7,7,5,7,NA,NA,NA,NA,NA,NA,NA,NA,NA,NA,NA,NA,NA,NA,NA,5,7,7,7,5,7,7,7,2,Good,Good,6,4,NA,6,6,5,7,7,7,NA,NA,NA,NA,NA,5,7,7,7
7/6/22 11:17,45,6,6,7,7,6,6,6,6,7,6,NA,NA,NA,NA,NA,NA,NA,NA,NA,NA,NA,NA,NA,NA,NA,NA,NA,NA,NA,NA,2,5,7,7,5,4,7,7,4,3,,,NA,NA,1,6,6,6,6.5,7,6,NA,NA,NA,NA,NA,4.5,7,7,4.5
6/6/22 23:13,46,3,5,5,3,6,3,5,5,3,6,6,3,5,6,3,5,2,3,1,1,1,2,1,1,4,1,1,1,1,2,2,1,6,5,5,2,7,6,5,1,,,NA,NA,NA,3,3,5,5,3,6,1,1.5,1,1,3,1.5,6.5,5.5,5
6/14/22 8:49,46,6,7,7,6,7,6,7,7,7,7,7,6,6,7,6,6,NA,NA,NA,NA,NA,NA,NA,NA,NA,NA,NA,NA,NA,NA,NA,7,7,7,7,7,7,7,7,2,Good,Excellent,6,7,NA,6,6,7,7,6.5,7,NA,NA,NA,NA,NA,7,7,7,7
7/11/22 12:17,46,6,6,5,5,6,5,6,6,6,6,NA,NA,NA,NA,NA,NA,4,3,1,2,1,1,1,1,1,1,1,1,1,1,2,2,7,7,6,2,7,7,6,3,,,NA,NA,1,5.5,5.5,6,5.5,5.5,6,1,1,1,1,1,2,7,7,6
5/23/22 23:41,47,6,6,6,5,7,5,6,6,5,7,7,7,7,7,7,7,3,1,1,1,1,1,1,1,1,1,1,1,1,1,1,6,7,7,6,6,7,7,6,1,,,NA,NA,NA,5.5,5.5,6,6,5,7,1,1,1,1,1,6,7,7,6
5/25/22 12:55,47,7,7,7,7,7,7,7,7,7,7,7,7,7,7,7,7,NA,NA,NA,NA,NA,NA,NA,NA,NA,NA,NA,NA,NA,NA,NA,7,7,7,7,7,7,7,7,2,Excellent,Good,7,7,NA,7,7,7,7,7,7,NA,NA,NA,NA,NA,7,7,7,7
7/7/22 11:10,47,6,6,6,6,6,6,6,6,6,6,NA,NA,NA,NA,NA,NA,2,2,1,1,2,1,1,1,2,2,1,1,1,2,2,7,7,7,7,7,7,7,7,3,,,NA,NA,1,6,6,6,6,6,6,2,1,1,1,2,7,7,7,7
6/3/22 16:14,48,2,4,6,6,5,2,3,7,7,3,7,5,5,7,5,5,1,2,1,1,1,1,1,1,1,1,1,1,1,1,1,2,7,6,7,2,7,7,4,1,,,NA,NA,NA,2,2,3.5,6.5,6.5,4,1,1,1,1,1,2,7,6.5,5.5
6/23/22 14:17,48,6,5,7,7,7,7,5,7,7,7,7,5,6,7,5,6,NA,NA,NA,NA,NA,NA,NA,NA,NA,NA,NA,NA,NA,NA,NA,2,7,7,7,3,7,7,7,2,Good,Good,6,4,NA,6.5,6.5,5,7,7,7,NA,NA,NA,NA,NA,2.5,7,7,7
7/19/22 16:55,48,6,5,7,7,6,7,5,7,7,7,NA,NA,NA,NA,NA,NA,2,3,1,1,1,1,1,1,1,1,1,1,1,1,1,NA,NA,NA,NA,NA,NA,NA,NA,3,,,NA,NA,1,6.5,6.5,5,7,7,6.5,1,1,1,1,1,NA,NA,NA,NA
5/24/22 14:17,49,5,5,6,6,5,5,5,5,6,5,6,6,6,6,6,6,1,1,1,1,1,1,1,1,1,1,1,1,1,1,1,6,6,6,5,6,6,6,5,1,,,NA,NA,NA,5,5,5,5.5,6,5,1,1,1,1,1,6,6,6,5
5/25/22 12:50,49,6,6,6,6,6,6,6,6,6,6,7,7,7,7,7,6,NA,NA,NA,NA,NA,NA,NA,NA,NA,NA,NA,NA,NA,NA,NA,6,7,6,6,6,7,7,6,2,Excellent,Excellent,6,6,NA,6,6,6,6,6,6,NA,NA,NA,NA,NA,6,7,6.5,6
7/12/22 9:11,49,6,6,6,6,6,6,6,6,6,6,NA,NA,NA,NA,NA,NA,1,2,1,1,1,1,1,1,1,1,1,1,1,1,1,4,6,6,6,6,6,6,6,3,,,NA,NA,1,6,6,6,6,6,6,1,1,1,1,1,5,6,6,6
6/17/22 15:18,50,2,5,7,5,4,5,5,7,7,5,7,5,5,7,6,6,NA,NA,NA,NA,NA,NA,NA,NA,NA,NA,NA,NA,NA,NA,NA,4,7,7,7,5,7,7,7,1,,,NA,NA,NA,3.5,3.5,5,7,6,4.5,NA,NA,NA,NA,NA,4.5,7,7,7
6/26/22 13:52,50,5,6,6,6,6,5,6,7,7,6,7,5,7,7,6,7,NA,NA,NA,NA,NA,NA,NA,NA,NA,NA,NA,NA,NA,NA,NA,6,7,6,7,6,7,7,7,2,Good,Excellent,7,7,NA,5,5,6,6.5,6.5,6,NA,NA,NA,NA,NA,6,7,6.5,7
6/3/22 15:08,51,6,4,4,5,5,4,4,4,5,5,6,6,6,6,6,6,1,1,1,1,1,1,1,1,1,1,1,1,1,1,1,4,5,5,6,4,7,7,7,1,,,NA,NA,NA,5,5,4,4,5,5,1,1,1,1,1,4,6,6,6.5
6/22/22 16:02,51,6,4,4,6,6,6,4,4,6,6,7,6,6,7,6,6,NA,NA,NA,NA,NA,NA,NA,NA,NA,NA,NA,NA,NA,NA,NA,4,6,6,6,4,7,7,7,2,Good,Good,6,4,NA,6,6,4,4,6,6,NA,NA,NA,NA,NA,4,6.5,6.5,6.5
7/5/22 13:03,51,5,4,5,5,5,5,4,5,5,5,NA,NA,NA,NA,NA,NA,1,1,1,1,1,1,1,1,1,1,1,1,1,1,1,4,6,6,6,4,6,6,6,3,,,NA,NA,1,5,5,4,5,5,5,1,1,1,1,1,4,6,6,6
5/16/22 13:48,52,6,7,7,7,7,6,7,7,7,7,7,7,7,7,7,7,1,1,1,1,2,1,1,1,1,2,1,1,1,1,1,6,7,7,7,6,7,7,7,1,,,NA,NA,NA,6,6,7,7,7,7,2,1,1,1,1,6,7,7,7
5/25/22 12:48,52,7,7,7,7,7,7,7,7,7,7,7,7,7,7,7,7,NA,NA,NA,NA,NA,NA,NA,NA,NA,NA,NA,NA,NA,NA,NA,6,4,7,7,6,4,7,7,2,Excellent,Excellent,4,6,NA,7,7,7,7,7,7,NA,NA,NA,NA,NA,6,4,7,7
6/22/22 10:44,53,4,4,4,4,4,4,4,4,4,4,7,5,4,7,5,4,2,2,1,1,1,1,1,1,1,1,1,1,1,1,1,4,6,6,6,6,6,6,6,1,,,NA,NA,NA,4,4,4,4,4,4,1,1,1,1,1,5,6,6,6
6/23/22 10:17,53,6,6,6,6,6,6,6,6,6,6,6,6,6,6,6,6,NA,NA,NA,NA,NA,NA,NA,NA,NA,NA,NA,NA,NA,NA,NA,6,6,6,6,6,6,6,6,2,Excellent,Excellent,7,7,NA,6,6,6,6,6,6,NA,NA,NA,NA,NA,6,6,6,6
7/12/22 10:26,53,6,6,6,6,6,6,6,6,6,6,NA,NA,NA,NA,NA,NA,1,1,1,1,2,1,1,1,1,1,1,1,1,1,2,5,5,5,5,5,5,5,5,3,,,NA,NA,1,6,6,6,6,6,6,1.5,1,1,1,1,5,5,5,5
5/23/22 16:40,54,4,4,4,4,4,4,4,4,4,4,4,4,4,4,4,4,1,1,1,1,1,1,1,1,1,1,1,1,1,1,1,4,4,4,4,4,4,4,4,1,,,NA,NA,NA,4,4,4,4,4,4,1,1,1,1,1,4,4,4,4
5/27/22 8:52,54,4,4,4,4,4,4,4,4,4,4,4,4,4,4,4,4,NA,NA,NA,NA,NA,NA,NA,NA,NA,NA,NA,NA,NA,NA,NA,4,4,4,4,4,4,4,4,2,Average,Average,4,4,NA,4,4,4,4,4,4,NA,NA,NA,NA,NA,4,4,4,4
7/5/22 13:18,54,4,4,4,4,4,4,4,4,4,4,NA,NA,NA,NA,NA,NA,1,1,1,1,1,1,1,1,1,1,1,1,1,1,1,4,4,4,4,4,4,4,4,3,,,NA,NA,1,4,4,4,4,4,4,1,1,1,1,1,4,4,4,4
4/18/22 11:34,55,3,5,5,6,5,3,5,5,6,5,6,6,6,6,6,6,1,1,1,1,1,1,1,1,1,1,1,1,1,1,1,6,6,6,6,7,7,7,7,1,,,NA,NA,NA,3,3,5,5,6,5,1,1,1,1,1,6.5,6.5,6.5,6.5
4/20/22 14:17,55,7,7,6,7,7,7,7,7,7,7,7,7,7,7,7,7,NA,NA,NA,NA,NA,NA,NA,NA,NA,NA,NA,NA,NA,NA,NA,5,7,7,7,5,7,7,7,2,Good,Good,7,6,NA,7,7,7,6.5,7,7,NA,NA,NA,NA,NA,5,7,7,7
7/14/22 13:54,55,6,6,6,6,6,6,6,6,6,6,NA,NA,NA,NA,NA,NA,1,2,1,1,1,1,1,1,1,1,1,1,1,1,1,7,7,7,7,7,7,7,7,3,,,NA,NA,1,6,6,6,6,6,6,1,1,1,1,1,7,7,7,7
3/23/22 10:12,56,6,6,7,7,7,6,6,7,7,7,7,7,6,7,7,6,2,2,1,1,2,1,1,2,2,2,1,1,2,2,5,7,7,7,7,7,7,7,7,1,,,NA,NA,NA,6,6,6,7,7,7,2,1,1,2,2,7,7,7,7
5/9/22 9:21,56,6,6,7,6,6,7,7,7,7,7,7,6,6,7,6,6,NA,NA,NA,NA,NA,NA,NA,NA,NA,NA,NA,NA,NA,NA,NA,6,7,7,6,7,7,7,7,2,Excellent,Good,6,6,NA,6.5,6.5,6.5,7,6.5,6.5,NA,NA,NA,NA,NA,6.5,7,7,6.5
7/5/22 15:30,56,6,6,7,7,6,6,6,7,7,6,NA,NA,NA,NA,NA,NA,1,1,1,1,1,2,1,2,2,2,1,1,2,2,5,6,7,7,7,6,7,7,7,3,,,NA,NA,1,6,6,6,7,7,6,1.5,1.5,1,2,2,6,7,7,7
5/24/22 10:07,57,3,4,4,5,4,3,3,3,5,4,4,4,4,5,4,4,2,1,1,1,1,2,2,1,2,1,1,1,1,1,1,5,6,6,6,6,7,7,7,1,,,NA,NA,NA,3,3,3.5,3.5,5,4,1,1.5,1.5,1,1.5,5.5,6.5,6.5,6.5
5/25/22 13:35,57,5,4,6,6,6,5,4,6,7,6,6,6,6,6,6,6,NA,NA,NA,NA,NA,NA,NA,NA,NA,NA,NA,NA,NA,NA,NA,5,6,7,6,5,7,7,6,2,Average,Good,4,4,NA,5,5,4,6,6.5,6,NA,NA,NA,NA,NA,5,6.5,7,6
7/6/22 9:31,57,5,4,5,6,4,5,4,6,7,6,NA,NA,NA,NA,NA,NA,1,1,1,1,1,1,1,1,1,1,1,1,1,1,1,4,6,6,4,4,7,7,4,3,,,NA,NA,1,5,5,4,5.5,6.5,5,1,1,1,1,1,4,6.5,6.5,4
4/21/22 10:30,58,5,4,4,6,5,5,4,4,6,5,6,6,6,6,6,6,1,2,1,1,1,1,1,1,1,1,1,1,1,1,1,2,6,6,5,2,6,6,5,1,,,NA,NA,NA,5,5,4,4,6,5,1,1,1,1,1,2,6,6,5
4/25/22 9:24,58,6,5,6,7,6,6,5,6,7,6,7,6,7,7,6,7,NA,NA,NA,NA,NA,NA,NA,NA,NA,NA,NA,NA,NA,NA,NA,5,6,7,6,5,6,7,6,2,Excellent,Average,6,6,NA,6,6,5,6,7,6,NA,NA,NA,NA,NA,5,6,7,6
7/14/22 10:02,58,4,5,5,5,5,4,5,6,6,5,NA,NA,NA,NA,NA,NA,5,4,1,1,3,1,1,1,2,2,1,1,1,1,2,5,6,6,6,5,7,7,6,3,,,NA,NA,1,4,4,5,5.5,5.5,5,2.5,1,1,1,1.5,5,6.5,6.5,6
3/22/22 16:59,59,3,6,6,4,5,1,6,5,6,4,7,7,6,7,7,6,1,1,1,1,1,1,1,1,1,1,1,1,1,1,1,2,6,6,2,1,6,6,2,1,,,NA,NA,NA,2,2,6,5.5,5,4.5,1,1,1,1,1,1.5,6,6,2
6/21/22 11:09,59,2,2,6,4,4,2,1,6,4,2,6,4,2,6,4,2,NA,NA,NA,NA,NA,NA,NA,NA,NA,NA,NA,NA,NA,NA,NA,7,7,5,6,7,7,5,6,2,Average,Good,1,1,NA,2,2,1.5,6,4,3,NA,NA,NA,NA,NA,7,7,5,6
7/17/22 19:08,59,3,3,5,3,3,3,3,5,3,3,NA,NA,NA,NA,NA,NA,1,1,1,1,1,1,1,1,1,1,1,1,1,1,3,6,6,5,5,6,6,5,5,3,,,NA,NA,1,3,3,3,5,3,3,1,1,1,1,1,6,6,5,5
5/16/22 14:26,60,6,6,6,6,6,5,4,6,6,6,6,6,5,6,5,6,1,2,1,2,7,7,7,7,7,7,7,7,7,7,1,4,6,6,6,4,6,6,6,1,,,NA,NA,NA,5.5,5.5,5,6,6,6,7,7,7,7,7,4,6,6,6
5/19/22 10:06,60,6,5,5,7,6,6,6,5,6,6,7,6,6,7,7,7,NA,NA,NA,NA,NA,NA,NA,NA,NA,NA,NA,NA,NA,NA,NA,6,4,4,6,7,7,7,7,2,Good,Average,6,6,NA,6,6,5.5,5,6.5,6,NA,NA,NA,NA,NA,6.5,5.5,5.5,6.5
7/15/22 14:23,60,3,6,6,6,6,3,4,5,6,6,NA,NA,NA,NA,NA,NA,1,1,1,1,1,1,1,1,1,1,1,1,1,1,1,6,6,7,7,6,7,7,7,3,,,NA,NA,1,3,3,5,5.5,6,6,1,1,1,1,1,6,6.5,7,7
6/14/22 9:32,61,1,4,6,5,6,2,4,7,7,7,7,5,6,7,6,6,5,4,1,1,1,1,1,1,1,1,1,1,1,1,1,3,7,6,6,7,7,7,7,1,,,NA,NA,NA,1.5,1.5,4,6.5,6,6.5,1,1,1,1,1,5,7,6.5,6.5
6/15/22 15:36,61,5,6,6,6,6,5,6,6,6,6,7,6,6,7,6,6,NA,NA,NA,NA,NA,NA,NA,NA,NA,NA,NA,NA,NA,NA,NA,5,7,6,6,5,7,7,7,2,Good,Excellent,6,4,NA,5,5,6,6,6,6,NA,NA,NA,NA,NA,5,7,6.5,6.5
7/7/22 10:08,61,5,5,7,6,6,6,5,7,7,7,NA,NA,NA,NA,NA,NA,5,1,1,1,1,1,1,1,1,1,1,1,1,1,1,5,7,6,7,7,7,7,7,3,,,NA,NA,1,5.5,5.5,5,7,6.5,6.5,1,1,1,1,1,6,7,6.5,7
5/17/22 11:03,62,4,5,4,4,4,4,4,4,4,4,6,6,6,5,5,5,1,1,2,2,1,1,1,1,1,1,1,1,1,1,1,2,3,6,6,5,5,5,5,1,,,NA,NA,NA,4,4,4.5,4,4,4,1,1,1,1,1,3.5,4,5.5,5.5
5/19/22 16:53,62,5,4,4,4,4,4,4,4,4,4,4,4,4,4,4,4,NA,NA,NA,NA,NA,NA,NA,NA,NA,NA,NA,NA,NA,NA,NA,5,4,4,4,5,4,4,4,2,Excellent,Good,4,7,NA,4.5,4.5,4,4,4,4,NA,NA,NA,NA,NA,5,4,4,4
7/6/22 12:35,62,6,6,6,6,6,5,5,5,5,5,NA,NA,NA,NA,NA,NA,1,1,1,1,2,1,1,1,1,2,1,1,1,1,1,6,6,6,6,6,6,6,6,3,,,NA,NA,1,5.5,5.5,5.5,5.5,5.5,5.5,2,1,1,1,1,6,6,6,6
3/22/22 11:48,63,5,5,5,5,5,5,5,5,5,5,6,6,6,6,6,6,1,1,1,1,1,1,1,1,1,2,1,1,1,1,1,6,6,5,6,6,6,5,6,1,,,NA,NA,NA,5,5,5,5,5,5,1.5,1,1,1,1,6,6,5,6
3/24/22 9:59,63,6,6,6,6,6,6,6,6,6,6,6,6,6,6,6,6,NA,NA,NA,NA,NA,NA,NA,NA,NA,NA,NA,NA,NA,NA,NA,6,6,6,6,6,6,6,6,2,Excellent,Excellent,7,7,NA,6,6,6,6,6,6,NA,NA,NA,NA,NA,6,6,6,6
7/5/22 13:01,63,6,6,6,6,6,6,6,6,6,6,NA,NA,NA,NA,NA,NA,1,1,1,1,1,1,1,1,1,1,1,1,1,1,1,6,6,6,6,6,6,6,6,3,,,NA,NA,1,6,6,6,6,6,6,1,1,1,1,1,6,6,6,6